"﻿PERIODO";"CÓDIGO CURSO";"CRN";"RETIROS";"INSCRITOS";
"201810";"COD926";"CRN-17861";"3";"50";
"201810";"COD926";"CRN-17862";"0";"53";
"201810";"COD868";"CRN-17863";"3";"38";
"201810";"COD480";"CRN-17864";"2";"15";
"201810";"COD810";"CRN-17865";"1";"84";
"201810";"COD163";"CRN-17866";"1";"52";
"201810";"COD300";"CRN-17867";"1";"44";
"201810";"COD521";"CRN-17868";"12";"81";
"201810";"COD862";"CRN-17869";"1";"11";
"201810";"COD1685";"CRN-17870";"2";"9";
"201810";"COD1692";"CRN-17871";"3";"25";
"201810";"COD1680";"CRN-17872";"3";"17";
"201810";"COD1671";"CRN-17873";"1";"15";
"201810";"COD17033";"CRN-17874";"5";"68";
"201810";"COD16883";"CRN-17875";"0";"13";
"201810";"COD404";"CRN-17876";"1";"20";
"201810";"COD404";"CRN-17877";"2";"22";
"201810";"COD404";"CRN-17878";"0";"21";
"201810";"COD404";"CRN-17879";"0";"18";
"201810";"COD404";"CRN-17880";"3";"30";
"201810";"COD404";"CRN-17881";"1";"20";
"201810";"COD404";"CRN-17882";"1";"21";
"201810";"COD404";"CRN-17883";"2";"21";
"201810";"COD404";"CRN-17884";"1";"21";
"201810";"COD404";"CRN-17885";"0";"21";
"201810";"COD404";"CRN-17886";"1";"17";
"201810";"COD404";"CRN-17887";"1";"20";
"201810";"COD404";"CRN-17888";"1";"29";
"201810";"COD404";"CRN-17889";"5";"26";
"201810";"COD404";"CRN-17890";"2";"19";
"201810";"COD404";"CRN-17891";"0";"13";
"201810";"COD404";"CRN-17892";"1";"24";
"201810";"COD404";"CRN-17893";"1";"21";
"201810";"COD404";"CRN-17894";"1";"18";
"201810";"COD404";"CRN-17895";"0";"10";
"201810";"COD404";"CRN-17896";"3";"16";
"201810";"COD1574";"CRN-17897";"0";"62";
"201810";"COD1566";"CRN-17898";"2";"13";
"201810";"COD1582";"CRN-17899";"1";"19";
"201810";"COD1231";"CRN-17900";"8";"102";
"201810";"COD1231";"CRN-17901";"2";"100";
"201810";"COD1231";"CRN-17902";"6";"103";
"201810";"COD1231";"CRN-17903";"5";"99";
"201810";"COD67";"CRN-17904";"0";"16";
"201810";"COD251";"CRN-17905";"7";"32";
"201810";"COD779";"CRN-17906";"2";"43";
"201810";"COD826";"CRN-17907";"6";"83";
"201810";"COD1303";"CRN-17908";"0";"91";
"201810";"COD755";"CRN-17909";"7";"75";
"201810";"COD842";"CRN-17910";"5";"34";
"201810";"COD317";"CRN-17911";"0";"41";
"201810";"COD1793";"CRN-17912";"4";"41";
"201810";"COD1874";"CRN-17913";"2";"7";
"201810";"COD1951";"CRN-16806";"1";"14";
"201810";"COD1937";"CRN-16805";"1";"49";
"201810";"COD1945";"CRN-16811";"1";"6";
"201810";"COD1913";"CRN-16812";"5";"12";
"201810";"COD1955";"CRN-16813";"2";"7";
"201810";"COD2160";"CRN-17914";"3";"12";
"201810";"COD2160";"CRN-17915";"1";"14";
"201810";"COD2122";"CRN-16804";"4";"23";
"201810";"COD362";"CRN-17916";"4";"58";
"201810";"COD362";"CRN-17917";"8";"85";
"201810";"COD1512";"CRN-17918";"2";"14";
"201810";"COD1522";"CRN-17919";"0";"15";
"201810";"COD1534";"CRN-17920";"0";"13";
"201810";"COD982";"CRN-17921";"0";"80";
"201810";"COD18";"CRN-17922";"6";"50";
"201810";"COD957";"CRN-17923";"3";"73";
"201810";"COD957";"CRN-17924";"2";"78";
"201810";"COD957";"CRN-17925";"2";"48";
"201810";"COD957";"CRN-17926";"3";"43";
"201810";"COD237";"CRN-17927";"5";"35";
"201810";"COD226";"CRN-17928";"0";"51";
"201810";"COD343";"CRN-17929";"0";"63";
"201810";"COD192";"CRN-17930";"1";"58";
"201810";"COD148";"CRN-17931";"10";"81";
"201810";"COD1072";"CRN-17932";"7";"20";
"201810";"COD1072";"CRN-17933";"10";"24";
"201810";"COD1072";"CRN-17934";"7";"17";
"201810";"COD1072";"CRN-17935";"1";"16";
"201810";"COD1072";"CRN-17936";"6";"25";
"201810";"COD1072";"CRN-17937";"4";"23";
"201810";"COD1072";"CRN-17938";"10";"25";
"201810";"COD1072";"CRN-17939";"3";"24";
"201810";"COD1072";"CRN-17940";"6";"20";
"201810";"COD1072";"CRN-17941";"2";"17";
"201810";"COD1072";"CRN-17942";"10";"25";
"201810";"COD1072";"CRN-17943";"3";"25";
"201810";"COD1072";"CRN-16730";"2";"25";
"201810";"COD1072";"CRN-16731";"4";"22";
"201810";"COD1072";"CRN-16742";"5";"25";
"201810";"COD1072";"CRN-16721";"4";"25";
"201810";"COD1072";"CRN-16732";"4";"24";
"201810";"COD1072";"CRN-16722";"3";"25";
"201810";"COD1072";"CRN-16741";"8";"25";
"201810";"COD1072";"CRN-16733";"2";"25";
"201810";"COD1072";"CRN-16728";"4";"24";
"201810";"COD1072";"CRN-16729";"2";"25";
"201810";"COD1072";"CRN-16727";"4";"25";
"201810";"COD1072";"CRN-16743";"2";"25";
"201810";"COD1072";"CRN-16724";"4";"25";
"201810";"COD1072";"CRN-16739";"5";"25";
"201810";"COD1072";"CRN-16740";"2";"25";
"201810";"COD1072";"CRN-16726";"1";"25";
"201810";"COD1072";"CRN-16734";"0";"25";
"201810";"COD1072";"CRN-16738";"2";"25";
"201810";"COD1072";"CRN-16723";"3";"25";
"201810";"COD1072";"CRN-16725";"4";"25";
"201810";"COD1072";"CRN-16737";"3";"17";
"201810";"COD1072";"CRN-16736";"1";"24";
"201810";"COD1072";"CRN-16735";"3";"25";
"201810";"COD1118";"CRN-17944";"5";"24";
"201810";"COD1118";"CRN-17945";"4";"23";
"201810";"COD1118";"CRN-17946";"8";"23";
"201810";"COD1118";"CRN-17947";"8";"20";
"201810";"COD1118";"CRN-17948";"4";"25";
"201810";"COD1118";"CRN-17949";"4";"15";
"201810";"COD1118";"CRN-17950";"1";"22";
"201810";"COD1118";"CRN-17951";"7";"24";
"201810";"COD1118";"CRN-17952";"1";"25";
"201810";"COD1118";"CRN-17953";"4";"24";
"201810";"COD1118";"CRN-17954";"5";"23";
"201810";"COD1118";"CRN-17955";"3";"24";
"201810";"COD1118";"CRN-17956";"5";"25";
"201810";"COD1118";"CRN-17957";"2";"24";
"201810";"COD1118";"CRN-17958";"5";"25";
"201810";"COD1118";"CRN-17959";"1";"25";
"201810";"COD1118";"CRN-17960";"3";"25";
"201810";"COD1118";"CRN-17961";"3";"25";
"201810";"COD1118";"CRN-17962";"4";"25";
"201810";"COD1118";"CRN-17963";"1";"25";
"201810";"COD1118";"CRN-17964";"3";"24";
"201810";"COD1118";"CRN-17965";"2";"25";
"201810";"COD1118";"CRN-17966";"4";"24";
"201810";"COD1118";"CRN-17967";"2";"25";
"201810";"COD1118";"CRN-17968";"3";"16";
"201810";"COD1118";"CRN-17969";"4";"25";
"201810";"COD1118";"CRN-17970";"2";"25";
"201810";"COD1118";"CRN-17971";"3";"14";
"201810";"COD1118";"CRN-17972";"2";"14";
"201810";"COD1118";"CRN-17973";"4";"23";
"201810";"COD1118";"CRN-17974";"2";"25";
"201810";"COD1118";"CRN-17975";"1";"24";
"201810";"COD1118";"CRN-17976";"1";"24";
"201810";"COD1118";"CRN-17977";"1";"25";
"201810";"COD1118";"CRN-17978";"9";"23";
"201810";"COD1118";"CRN-17979";"7";"23";
"201810";"COD1118";"CRN-17980";"4";"24";
"201810";"COD1118";"CRN-17981";"5";"21";
"201810";"COD1118";"CRN-17982";"2";"17";
"201810";"COD1118";"CRN-17983";"3";"22";
"201810";"COD1118";"CRN-17984";"6";"25";
"201810";"COD1118";"CRN-17985";"4";"21";
"201810";"COD1118";"CRN-17986";"7";"22";
"201810";"COD1118";"CRN-17987";"6";"18";
"201810";"COD1118";"CRN-17988";"2";"16";
"201810";"COD1118";"CRN-17989";"5";"18";
"201810";"COD1122";"CRN-17990";"6";"16";
"201810";"COD1122";"CRN-17991";"5";"18";
"201810";"COD1122";"CRN-17992";"8";"12";
"201810";"COD1122";"CRN-16752";"1";"25";
"201810";"COD1122";"CRN-16744";"2";"25";
"201810";"COD1122";"CRN-16754";"0";"24";
"201810";"COD1122";"CRN-16749";"0";"24";
"201810";"COD1122";"CRN-16748";"0";"25";
"201810";"COD1122";"CRN-16750";"3";"25";
"201810";"COD1122";"CRN-16751";"1";"25";
"201810";"COD1122";"CRN-16757";"4";"24";
"201810";"COD1122";"CRN-16755";"6";"22";
"201810";"COD1122";"CRN-17993";"7";"18";
"201810";"COD1122";"CRN-17994";"5";"15";
"201810";"COD1122";"CRN-17995";"7";"20";
"201810";"COD1122";"CRN-17996";"5";"18";
"201810";"COD1122";"CRN-16747";"1";"24";
"201810";"COD1122";"CRN-16756";"0";"17";
"201810";"COD1122";"CRN-16746";"3";"21";
"201810";"COD1122";"CRN-16753";"4";"22";
"201810";"COD1122";"CRN-16758";"0";"13";
"201810";"COD1122";"CRN-16745";"1";"21";
"201810";"COD1122";"CRN-17997";"4";"17";
"201810";"COD1122";"CRN-17998";"5";"22";
"201810";"COD1122";"CRN-17999";"5";"20";
"201810";"COD1122";"CRN-18000";"7";"24";
"201810";"COD1122";"CRN-18001";"2";"17";
"201810";"COD1122";"CRN-18002";"9";"19";
"201810";"COD1122";"CRN-18003";"5";"20";
"201810";"COD1157";"CRN-16764";"1";"25";
"201810";"COD1157";"CRN-16761";"0";"24";
"201810";"COD1157";"CRN-16762";"2";"25";
"201810";"COD1157";"CRN-16763";"4";"25";
"201810";"COD1157";"CRN-16759";"3";"19";
"201810";"COD1157";"CRN-18004";"3";"20";
"201810";"COD1157";"CRN-16760";"4";"18";
"201810";"COD1157";"CRN-16768";"1";"23";
"201810";"COD1157";"CRN-16765";"2";"21";
"201810";"COD1157";"CRN-16766";"1";"23";
"201810";"COD1157";"CRN-16767";"2";"19";
"201810";"COD1157";"CRN-18005";"4";"19";
"201810";"COD1157";"CRN-18006";"3";"24";
"201810";"COD1157";"CRN-18007";"2";"8";
"201810";"COD1157";"CRN-18008";"6";"21";
"201810";"COD1157";"CRN-18009";"7";"17";
"201810";"COD1157";"CRN-18010";"5";"20";
"201810";"COD1157";"CRN-18011";"7";"13";
"201810";"COD1157";"CRN-18012";"3";"16";
"201810";"COD1175";"CRN-16775";"5";"18";
"201810";"COD1175";"CRN-16776";"0";"20";
"201810";"COD1175";"CRN-16774";"2";"24";
"201810";"COD1175";"CRN-18013";"2";"24";
"201810";"COD1175";"CRN-18014";"0";"17";
"201810";"COD1175";"CRN-18015";"1";"18";
"201810";"COD1175";"CRN-18016";"4";"19";
"201810";"COD1175";"CRN-18017";"0";"24";
"201810";"COD1175";"CRN-18018";"0";"14";
"201810";"COD1175";"CRN-18019";"0";"24";
"201810";"COD1175";"CRN-16773";"6";"25";
"201810";"COD1175";"CRN-16770";"3";"24";
"201810";"COD1175";"CRN-16769";"4";"16";
"201810";"COD1175";"CRN-16771";"3";"24";
"201810";"COD1175";"CRN-16772";"5";"18";
"201810";"COD1193";"CRN-18020";"4";"16";
"201810";"COD1193";"CRN-18021";"0";"18";
"201810";"COD1193";"CRN-18022";"2";"22";
"201810";"COD1193";"CRN-18023";"3";"24";
"201810";"COD1193";"CRN-18024";"0";"24";
"201810";"COD1193";"CRN-18025";"4";"12";
"201810";"COD1193";"CRN-18026";"1";"23";
"201810";"COD1193";"CRN-16783";"6";"20";
"201810";"COD1193";"CRN-16777";"4";"22";
"201810";"COD1193";"CRN-16781";"4";"20";
"201810";"COD1193";"CRN-16785";"3";"13";
"201810";"COD1193";"CRN-16778";"2";"22";
"201810";"COD1193";"CRN-16786";"3";"21";
"201810";"COD1193";"CRN-16780";"5";"23";
"201810";"COD1193";"CRN-16787";"4";"23";
"201810";"COD1193";"CRN-16788";"3";"18";
"201810";"COD1193";"CRN-16779";"5";"15";
"201810";"COD1193";"CRN-16782";"2";"18";
"201810";"COD1193";"CRN-16784";"5";"23";
"201810";"COD566";"CRN-18027";"3";"24";
"201810";"COD566";"CRN-18028";"1";"24";
"201810";"COD566";"CRN-18029";"3";"24";
"201810";"COD566";"CRN-18030";"2";"24";
"201810";"COD566";"CRN-18031";"2";"24";
"201810";"COD566";"CRN-18032";"2";"24";
"201810";"COD566";"CRN-18033";"2";"24";
"201810";"COD566";"CRN-18034";"1";"25";
"201810";"COD566";"CRN-18035";"1";"24";
"201810";"COD566";"CRN-18036";"0";"24";
"201810";"COD566";"CRN-18037";"4";"24";
"201810";"COD566";"CRN-18038";"6";"24";
"201810";"COD566";"CRN-18039";"0";"24";
"201810";"COD566";"CRN-18040";"1";"24";
"201810";"COD566";"CRN-18041";"0";"24";
"201810";"COD566";"CRN-18042";"1";"24";
"201810";"COD566";"CRN-18043";"2";"24";
"201810";"COD566";"CRN-18044";"2";"22";
"201810";"COD566";"CRN-18045";"0";"24";
"201810";"COD566";"CRN-18046";"3";"24";
"201810";"COD566";"CRN-18047";"4";"24";
"201810";"COD566";"CRN-18048";"2";"23";
"201810";"COD566";"CRN-18049";"2";"24";
"201810";"COD566";"CRN-18050";"2";"24";
"201810";"COD566";"CRN-18051";"1";"24";
"201810";"COD566";"CRN-18052";"2";"24";
"201810";"COD566";"CRN-18053";"1";"23";
"201810";"COD566";"CRN-18054";"0";"24";
"201810";"COD566";"CRN-18055";"3";"24";
"201810";"COD566";"CRN-18056";"2";"24";
"201810";"COD566";"CRN-18057";"3";"21";
"201810";"COD566";"CRN-18058";"0";"23";
"201810";"COD566";"CRN-18059";"1";"24";
"201810";"COD566";"CRN-18060";"2";"21";
"201810";"COD566";"CRN-18061";"4";"18";
"201810";"COD566";"CRN-18062";"1";"17";
"201810";"COD1335";"CRN-18063";"3";"23";
"201810";"COD1335";"CRN-18064";"2";"18";
"201810";"COD1335";"CRN-18065";"3";"19";
"201810";"COD1335";"CRN-18066";"2";"11";
"201810";"COD1335";"CRN-18067";"3";"20";
"201810";"COD1335";"CRN-18068";"3";"12";
"201810";"COD1335";"CRN-18069";"2";"23";
"201810";"COD1360";"CRN-18070";"1";"25";
"201810";"COD1360";"CRN-18071";"2";"26";
"201810";"COD1360";"CRN-18072";"2";"26";
"201810";"COD1360";"CRN-18073";"5";"27";
"201810";"COD1360";"CRN-18074";"1";"27";
"201810";"COD1360";"CRN-18075";"5";"28";
"201810";"COD1360";"CRN-18076";"1";"25";
"201810";"COD1360";"CRN-18077";"1";"26";
"201810";"COD1360";"CRN-18078";"3";"26";
"201810";"COD1360";"CRN-18079";"1";"27";
"201810";"COD1360";"CRN-18080";"1";"28";
"201810";"COD896";"CRN-18081";"11";"23";
"201810";"COD644";"CRN-18082";"2";"24";
"201810";"COD644";"CRN-18083";"0";"15";
"201810";"COD644";"CRN-18084";"2";"24";
"201810";"COD644";"CRN-18085";"6";"24";
"201810";"COD644";"CRN-18086";"2";"24";
"201810";"COD644";"CRN-18087";"1";"24";
"201810";"COD644";"CRN-18088";"1";"24";
"201810";"COD644";"CRN-18089";"1";"21";
"201810";"COD644";"CRN-18090";"4";"24";
"201810";"COD644";"CRN-18091";"2";"23";
"201810";"COD644";"CRN-18092";"0";"24";
"201810";"COD644";"CRN-18093";"1";"24";
"201810";"COD644";"CRN-18094";"2";"24";
"201810";"COD644";"CRN-18095";"2";"23";
"201810";"COD644";"CRN-18096";"0";"16";
"201810";"COD644";"CRN-18097";"0";"23";
"201810";"COD644";"CRN-18098";"4";"21";
"201810";"COD644";"CRN-18099";"0";"24";
"201810";"COD644";"CRN-18100";"1";"20";
"201810";"COD644";"CRN-18101";"2";"24";
"201810";"COD644";"CRN-18102";"1";"25";
"201810";"COD644";"CRN-18103";"2";"24";
"201810";"COD644";"CRN-18104";"2";"24";
"201810";"COD644";"CRN-18105";"2";"16";
"201810";"COD644";"CRN-18106";"2";"20";
"201810";"COD644";"CRN-18107";"1";"23";
"201810";"COD644";"CRN-18108";"1";"24";
"201810";"COD644";"CRN-18109";"0";"14";
"201810";"COD2185";"CRN-18110";"5";"39";
"201810";"COD2185";"CRN-18111";"9";"40";
"201810";"COD2185";"CRN-18112";"0";"40";
"201810";"COD6";"CRN-18113";"5";"64";
"201810";"COD745";"CRN-18114";"0";"25";
"201810";"COD490";"CRN-18115";"1";"49";
"201810";"COD122";"CRN-18116";"1";"77";
"201810";"COD333";"CRN-18117";"0";"60";
"201810";"COD872";"CRN-18118";"9";"94";
"201810";"COD2413";"CRN-18119";"1";"56";
"201810";"COD500";"CRN-18120";"0";"55";
"201810";"COD2048";"CRN-16808";"2";"15";
"201810";"COD2054";"CRN-16810";"3";"15";
"201810";"COD2028";"CRN-18121";"1";"30";
"201810";"COD2006";"CRN-16807";"2";"14";
"201810";"COD1998";"CRN-18122";"1";"31";
"201810";"COD2145";"CRN-18123";"2";"14";
"201810";"COD2138";"CRN-18124";"0";"6";
"201810";"COD916";"CRN-18125";"10";"41";
"201810";"COD558";"CRN-18126";"5";"80";
"201810";"COD932";"CRN-16798";"0";"9";
"201810";"COD2126";"CRN-16814";"5";"25";
"201810";"COD2130";"CRN-18127";"3";"29";
"201811";"COD1727";"CRN-18128";"1";"20";
"201812";"COD1734";"CRN-18129";"0";"18";
"201814";"COD1745";"CRN-18130";"0";"17";
"201815";"COD1763";"CRN-18131";"0";"18";
"201819";"COD521";"CRN-18132";"5";"32";
"201819";"COD528";"CRN-18133";"3";"21";
"201819";"COD18";"CRN-18134";"3";"10";
"201819";"COD957";"CRN-18135";"3";"33";
"201819";"COD237";"CRN-18136";"1";"33";
"201819";"COD1072";"CRN-18137";"1";"21";
"201819";"COD1072";"CRN-18138";"2";"12";
"201819";"COD1072";"CRN-18139";"1";"14";
"201819";"COD1072";"CRN-18140";"1";"25";
"201819";"COD1118";"CRN-18141";"1";"21";
"201819";"COD1118";"CRN-18142";"3";"26";
"201819";"COD1118";"CRN-18143";"1";"17";
"201819";"COD1118";"CRN-18144";"1";"20";
"201819";"COD1118";"CRN-18145";"3";"23";
"201819";"COD1122";"CRN-18146";"2";"15";
"201819";"COD1122";"CRN-18147";"1";"16";
"201819";"COD1157";"CRN-18148";"1";"8";
"201819";"COD1157";"CRN-18149";"2";"19";
"201819";"COD1175";"CRN-18150";"4";"25";
"201819";"COD1175";"CRN-18151";"4";"14";
"201819";"COD1193";"CRN-18152";"4";"20";
"201819";"COD1193";"CRN-18153";"2";"21";
"201819";"COD566";"CRN-18154";"3";"11";
"201819";"COD566";"CRN-18155";"0";"8";
"201819";"COD1335";"CRN-18156";"0";"18";
"201819";"COD1335";"CRN-18157";"3";"22";
"201819";"COD1335";"CRN-18158";"0";"11";
"201819";"COD1360";"CRN-18159";"2";"25";
"201819";"COD1360";"CRN-18160";"1";"24";
"201819";"COD1360";"CRN-18161";"1";"22";
"201819";"COD1360";"CRN-18162";"0";"28";
"201819";"COD1360";"CRN-18163";"3";"28";
"201819";"COD1360";"CRN-18164";"1";"22";
"201819";"COD1360";"CRN-18165";"0";"24";
"201819";"COD1360";"CRN-18166";"2";"24";
"201819";"COD539";"CRN-18167";"2";"8";
"201820";"COD834";"CRN-18168";"4";"35";
"201820";"COD886";"CRN-16855";"1";"47";
"201820";"COD309";"CRN-18169";"2";"150";
"201820";"COD480";"CRN-18170";"3";"16";
"201820";"COD810";"CRN-18171";"1";"86";
"201820";"COD163";"CRN-18172";"4";"47";
"201820";"COD300";"CRN-18173";"1";"73";
"201820";"COD17130";"CRN-16833";"7";"35";
"201820";"COD17069";"CRN-16853";"6";"45";
"201820";"COD17087";"CRN-16836";"1";"78";
"201820";"COD17092";"CRN-16860";"3";"41";
"201820";"COD17062";"CRN-16857";"1";"44";
"201820";"COD1210";"CRN-18174";"5";"56";
"201820";"COD1210";"CRN-18175";"9";"51";
"201820";"COD1210";"CRN-18176";"5";"48";
"201820";"COD1210";"CRN-18177";"4";"50";
"201820";"COD1210";"CRN-18178";"6";"56";
"201820";"COD1210";"CRN-18179";"7";"49";
"201820";"COD1210";"CRN-18180";"4";"48";
"201820";"COD1210";"CRN-18181";"7";"49";
"201820";"COD1210";"CRN-18182";"2";"55";
"201820";"COD1210";"CRN-18183";"3";"54";
"201820";"COD1210";"CRN-18184";"2";"44";
"201820";"COD1210";"CRN-18185";"9";"53";
"201820";"COD1210";"CRN-18186";"4";"48";
"201820";"COD1210";"CRN-18187";"9";"48";
"201820";"COD1210";"CRN-18188";"0";"42";
"201820";"COD1210";"CRN-18189";"6";"47";
"201820";"COD1210";"CRN-18190";"5";"53";
"201820";"COD1210";"CRN-18191";"5";"56";
"201820";"COD1210";"CRN-18192";"4";"52";
"201820";"COD1210";"CRN-18193";"11";"38";
"201820";"COD1210";"CRN-18194";"4";"39";
"201820";"COD1210";"CRN-18195";"9";"43";
"201820";"COD1210";"CRN-18196";"7";"48";
"201820";"COD1210";"CRN-18197";"8";"44";
"201820";"COD1210";"CRN-18198";"6";"40";
"201820";"COD1210";"CRN-18199";"16";"55";
"201820";"COD1210";"CRN-18200";"7";"43";
"201820";"COD1210";"CRN-18201";"4";"45";
"201820";"COD1210";"CRN-18202";"9";"42";
"201820";"COD1210";"CRN-18203";"7";"54";
"201820";"COD1210";"CRN-18204";"5";"41";
"201820";"COD17082";"CRN-18205";"10";"48";
"201820";"COD17104";"CRN-16837";"9";"41";
"201820";"COD17111";"CRN-18206";"4";"45";
"201820";"COD17123";"CRN-16858";"7";"45";
"201820";"COD17116";"CRN-16835";"4";"55";
"201820";"COD17097";"CRN-16859";"5";"46";
"201820";"COD17143";"CRN-18207";"6";"40";
"201820";"COD17143";"CRN-16831";"1";"49";
"201820";"COD17143";"CRN-18208";"6";"42";
"201820";"COD17143";"CRN-18209";"5";"52";
"201820";"COD1637";"CRN-18210";"4";"35";
"201820";"COD854";"CRN-18211";"5";"99";
"201820";"COD16883";"CRN-18212";"0";"14";
"201820";"COD404";"CRN-18213";"4";"30";
"201820";"COD404";"CRN-18214";"5";"28";
"201820";"COD404";"CRN-18215";"0";"30";
"201820";"COD404";"CRN-18216";"4";"21";
"201820";"COD404";"CRN-18217";"2";"21";
"201820";"COD404";"CRN-18218";"1";"10";
"201820";"COD404";"CRN-18219";"0";"12";
"201820";"COD404";"CRN-18220";"1";"27";
"201820";"COD404";"CRN-18221";"1";"16";
"201820";"COD404";"CRN-18222";"3";"16";
"201820";"COD404";"CRN-18223";"1";"23";
"201820";"COD404";"CRN-18224";"0";"21";
"201820";"COD404";"CRN-18225";"0";"25";
"201820";"COD404";"CRN-18226";"0";"18";
"201820";"COD404";"CRN-18227";"5";"26";
"201820";"COD404";"CRN-18228";"4";"29";
"201820";"COD404";"CRN-18229";"2";"13";
"201820";"COD1556";"CRN-18230";"2";"32";
"201820";"COD1613";"CRN-18231";"3";"32";
"201820";"COD1625";"CRN-18232";"0";"12";
"201820";"COD1599";"CRN-18233";"3";"16";
"201820";"COD1231";"CRN-18234";"1";"100";
"201820";"COD1231";"CRN-18235";"2";"100";
"201820";"COD1231";"CRN-18236";"5";"104";
"201820";"COD1231";"CRN-18237";"5";"100";
"201820";"COD67";"CRN-18238";"0";"22";
"201820";"COD779";"CRN-18239";"1";"46";
"201820";"COD826";"CRN-18240";"3";"72";
"201820";"COD1303";"CRN-18241";"0";"88";
"201820";"COD17586";"CRN-18242";"0";"44";
"201820";"COD17586";"CRN-18243";"0";"43";
"201820";"COD755";"CRN-18244";"9";"77";
"201820";"COD842";"CRN-16854";"7";"41";
"201820";"COD1780";"CRN-18245";"1";"15";
"201820";"COD1828";"CRN-18246";"0";"9";
"201820";"COD1977";"CRN-18247";"1";"2";
"201820";"COD1972";"CRN-18248";"0";"10";
"201820";"COD2122";"CRN-18249";"1";"17";
"201820";"COD2088";"CRN-16843";"1";"41";
"201820";"COD2076";"CRN-18250";"2";"29";
"201820";"COD2082";"CRN-16845";"2";"48";
"201820";"COD2092";"CRN-18251";"0";"43";
"201820";"COD362";"CRN-18252";"10";"78";
"201820";"COD1522";"CRN-18253";"1";"12";
"201820";"COD1534";"CRN-18254";"0";"13";
"201820";"COD1010";"CRN-16817";"3";"47";
"201820";"COD1016";"CRN-16818";"1";"99";
"201820";"COD982";"CRN-18255";"0";"75";
"201820";"COD1060";"CRN-16820";"3";"26";
"201820";"COD39";"CRN-18256";"5";"69";
"201820";"COD1048";"CRN-16827";"9";"33";
"201820";"COD290";"CRN-18257";"2";"31";
"201820";"COD1066";"CRN-16823";"2";"21";
"201820";"COD1038";"CRN-16829";"2";"62";
"201820";"COD1022";"CRN-18258";"5";"33";
"201820";"COD957";"CRN-18259";"2";"73";
"201820";"COD957";"CRN-18260";"5";"74";
"201820";"COD957";"CRN-18261";"1";"45";
"201820";"COD957";"CRN-18262";"1";"29";
"201820";"COD1054";"CRN-16821";"7";"79";
"201820";"COD226";"CRN-18263";"1";"70";
"201820";"COD1028";"CRN-16825";"0";"35";
"201820";"COD998";"CRN-16816";"13";"74";
"201820";"COD343";"CRN-18264";"1";"64";
"201820";"COD1044";"CRN-18265";"1";"43";
"201820";"COD192";"CRN-18266";"1";"65";
"201820";"COD992";"CRN-16822";"0";"32";
"201820";"COD992";"CRN-18267";"1";"32";
"201820";"COD910";"CRN-18268";"3";"33";
"201820";"COD910";"CRN-18269";"2";"25";
"201820";"COD2012";"CRN-18270";"6";"50";
"201820";"COD1072";"CRN-18271";"6";"21";
"201820";"COD1072";"CRN-18272";"3";"12";
"201820";"COD1072";"CRN-18273";"7";"21";
"201820";"COD1072";"CRN-18274";"2";"23";
"201820";"COD1072";"CRN-18275";"3";"23";
"201820";"COD1072";"CRN-18276";"2";"25";
"201820";"COD1072";"CRN-18277";"1";"22";
"201820";"COD1072";"CRN-18278";"7";"22";
"201820";"COD1072";"CRN-18279";"3";"25";
"201820";"COD1072";"CRN-18280";"3";"24";
"201820";"COD1072";"CRN-18281";"0";"22";
"201820";"COD1072";"CRN-18282";"3";"25";
"201820";"COD1072";"CRN-18283";"4";"25";
"201820";"COD1072";"CRN-18284";"6";"21";
"201820";"COD1072";"CRN-18285";"3";"25";
"201820";"COD1072";"CRN-18286";"1";"24";
"201820";"COD1072";"CRN-18287";"4";"25";
"201820";"COD1072";"CRN-18288";"1";"25";
"201820";"COD1072";"CRN-18289";"6";"25";
"201820";"COD1072";"CRN-18290";"2";"25";
"201820";"COD1072";"CRN-18291";"6";"25";
"201820";"COD1072";"CRN-18292";"4";"24";
"201820";"COD1072";"CRN-18293";"3";"25";
"201820";"COD1072";"CRN-18294";"4";"25";
"201820";"COD1072";"CRN-18295";"0";"25";
"201820";"COD1072";"CRN-18296";"3";"25";
"201820";"COD1072";"CRN-18297";"5";"24";
"201820";"COD1072";"CRN-18298";"3";"24";
"201820";"COD1072";"CRN-18299";"4";"14";
"201820";"COD1072";"CRN-18300";"2";"24";
"201820";"COD1072";"CRN-18301";"3";"25";
"201820";"COD1072";"CRN-18302";"7";"24";
"201820";"COD1072";"CRN-18303";"6";"21";
"201820";"COD1072";"CRN-18304";"3";"21";
"201820";"COD1118";"CRN-18305";"5";"19";
"201820";"COD1118";"CRN-18306";"1";"16";
"201820";"COD1118";"CRN-18307";"2";"17";
"201820";"COD1118";"CRN-18308";"7";"20";
"201820";"COD1118";"CRN-18309";"4";"17";
"201820";"COD1118";"CRN-18310";"2";"21";
"201820";"COD1118";"CRN-18311";"3";"22";
"201820";"COD1118";"CRN-18312";"6";"19";
"201820";"COD1118";"CRN-18313";"4";"18";
"201820";"COD1118";"CRN-18314";"3";"25";
"201820";"COD1118";"CRN-18315";"3";"23";
"201820";"COD1118";"CRN-18316";"3";"25";
"201820";"COD1118";"CRN-18317";"3";"24";
"201820";"COD1118";"CRN-18318";"5";"18";
"201820";"COD1118";"CRN-18319";"0";"24";
"201820";"COD1118";"CRN-18320";"4";"24";
"201820";"COD1118";"CRN-18321";"2";"16";
"201820";"COD1118";"CRN-18322";"3";"24";
"201820";"COD1118";"CRN-18323";"4";"15";
"201820";"COD1118";"CRN-18324";"1";"22";
"201820";"COD1118";"CRN-18325";"0";"18";
"201820";"COD1118";"CRN-18326";"4";"26";
"201820";"COD1118";"CRN-18327";"2";"23";
"201820";"COD1118";"CRN-18328";"1";"25";
"201820";"COD1118";"CRN-18329";"3";"17";
"201820";"COD1118";"CRN-18330";"5";"22";
"201820";"COD1118";"CRN-18331";"1";"25";
"201820";"COD1118";"CRN-18332";"3";"23";
"201820";"COD1118";"CRN-18333";"5";"25";
"201820";"COD1118";"CRN-18334";"4";"14";
"201820";"COD1118";"CRN-18335";"5";"19";
"201820";"COD1118";"CRN-18336";"2";"20";
"201820";"COD1118";"CRN-18337";"1";"20";
"201820";"COD1118";"CRN-18338";"4";"20";
"201820";"COD1118";"CRN-18339";"4";"22";
"201820";"COD1118";"CRN-18340";"0";"16";
"201820";"COD1118";"CRN-18341";"5";"14";
"201820";"COD1118";"CRN-18342";"4";"19";
"201820";"COD1118";"CRN-18343";"1";"21";
"201820";"COD1118";"CRN-18344";"4";"15";
"201820";"COD1118";"CRN-18345";"1";"17";
"201820";"COD1122";"CRN-18346";"5";"9";
"201820";"COD1122";"CRN-18347";"4";"22";
"201820";"COD1122";"CRN-18348";"2";"14";
"201820";"COD1122";"CRN-18349";"2";"25";
"201820";"COD1122";"CRN-18350";"3";"25";
"201820";"COD1122";"CRN-18351";"1";"22";
"201820";"COD1122";"CRN-18352";"2";"24";
"201820";"COD1122";"CRN-18353";"1";"25";
"201820";"COD1122";"CRN-18354";"1";"25";
"201820";"COD1122";"CRN-18355";"3";"25";
"201820";"COD1122";"CRN-18356";"2";"23";
"201820";"COD1122";"CRN-18357";"4";"25";
"201820";"COD1122";"CRN-18358";"3";"15";
"201820";"COD1122";"CRN-18359";"5";"16";
"201820";"COD1122";"CRN-18360";"3";"9";
"201820";"COD1122";"CRN-18361";"2";"15";
"201820";"COD1122";"CRN-18362";"3";"25";
"201820";"COD1122";"CRN-18363";"0";"24";
"201820";"COD1122";"CRN-18364";"1";"13";
"201820";"COD1122";"CRN-18365";"6";"25";
"201820";"COD1122";"CRN-18366";"1";"15";
"201820";"COD1122";"CRN-18367";"8";"17";
"201820";"COD1122";"CRN-18368";"0";"9";
"201820";"COD1122";"CRN-18369";"1";"11";
"201820";"COD1122";"CRN-18370";"4";"17";
"201820";"COD1122";"CRN-18371";"3";"16";
"201820";"COD1122";"CRN-18372";"6";"11";
"201820";"COD1122";"CRN-18373";"1";"11";
"201820";"COD1157";"CRN-18374";"5";"25";
"201820";"COD1157";"CRN-18375";"0";"25";
"201820";"COD1157";"CRN-18376";"2";"25";
"201820";"COD1157";"CRN-18377";"3";"25";
"201820";"COD1157";"CRN-18378";"4";"16";
"201820";"COD1157";"CRN-18379";"1";"25";
"201820";"COD1157";"CRN-18380";"2";"15";
"201820";"COD1157";"CRN-18381";"1";"20";
"201820";"COD1157";"CRN-18382";"4";"20";
"201820";"COD1157";"CRN-18383";"2";"15";
"201820";"COD1157";"CRN-18384";"3";"21";
"201820";"COD1157";"CRN-18385";"4";"19";
"201820";"COD1157";"CRN-18386";"5";"19";
"201820";"COD1157";"CRN-18387";"5";"16";
"201820";"COD1157";"CRN-18388";"5";"20";
"201820";"COD1157";"CRN-18389";"2";"15";
"201820";"COD1175";"CRN-18390";"7";"18";
"201820";"COD1175";"CRN-18391";"0";"20";
"201820";"COD1175";"CRN-18392";"7";"19";
"201820";"COD1175";"CRN-18393";"4";"16";
"201820";"COD1175";"CRN-18394";"2";"11";
"201820";"COD1175";"CRN-18395";"1";"23";
"201820";"COD1175";"CRN-18396";"1";"13";
"201820";"COD1175";"CRN-18397";"0";"21";
"201820";"COD1175";"CRN-18398";"3";"11";
"201820";"COD1175";"CRN-18399";"3";"11";
"201820";"COD1175";"CRN-18400";"1";"21";
"201820";"COD1175";"CRN-18401";"4";"17";
"201820";"COD1175";"CRN-18402";"1";"19";
"201820";"COD1175";"CRN-18403";"5";"21";
"201820";"COD1175";"CRN-18404";"6";"23";
"201820";"COD1193";"CRN-18405";"4";"23";
"201820";"COD1193";"CRN-18406";"1";"25";
"201820";"COD1193";"CRN-18407";"0";"14";
"201820";"COD1193";"CRN-18408";"4";"25";
"201820";"COD1193";"CRN-18409";"0";"19";
"201820";"COD1193";"CRN-18410";"1";"25";
"201820";"COD1193";"CRN-18411";"1";"22";
"201820";"COD1193";"CRN-18412";"7";"19";
"201820";"COD1193";"CRN-18413";"2";"19";
"201820";"COD1193";"CRN-18414";"3";"23";
"201820";"COD1193";"CRN-18415";"2";"20";
"201820";"COD1193";"CRN-18416";"3";"22";
"201820";"COD1193";"CRN-18417";"4";"24";
"201820";"COD1193";"CRN-18418";"2";"20";
"201820";"COD1193";"CRN-18419";"2";"20";
"201820";"COD1193";"CRN-18420";"1";"18";
"201820";"COD1193";"CRN-18421";"1";"25";
"201820";"COD1193";"CRN-18422";"6";"17";
"201820";"COD1193";"CRN-18423";"4";"13";
"201820";"COD1193";"CRN-18424";"3";"20";
"201820";"COD1193";"CRN-18425";"3";"23";
"201820";"COD566";"CRN-18426";"0";"23";
"201820";"COD566";"CRN-18427";"1";"23";
"201820";"COD566";"CRN-18428";"2";"15";
"201820";"COD566";"CRN-18429";"3";"24";
"201820";"COD566";"CRN-18430";"0";"23";
"201820";"COD566";"CRN-18431";"0";"23";
"201820";"COD566";"CRN-18432";"3";"17";
"201820";"COD566";"CRN-18433";"1";"13";
"201820";"COD566";"CRN-18434";"2";"14";
"201820";"COD566";"CRN-18435";"0";"23";
"201820";"COD566";"CRN-18436";"4";"22";
"201820";"COD566";"CRN-18437";"0";"23";
"201820";"COD566";"CRN-18438";"2";"23";
"201820";"COD566";"CRN-18439";"4";"25";
"201820";"COD566";"CRN-18440";"2";"23";
"201820";"COD1218";"CRN-18441";"0";"20";
"201820";"COD1218";"CRN-18442";"0";"19";
"201820";"COD1218";"CRN-18443";"0";"20";
"201820";"COD1218";"CRN-18444";"3";"20";
"201820";"COD1218";"CRN-18445";"0";"20";
"201820";"COD1218";"CRN-18446";"1";"20";
"201820";"COD1218";"CRN-18447";"0";"20";
"201820";"COD1218";"CRN-18448";"1";"20";
"201820";"COD1218";"CRN-18449";"1";"20";
"201820";"COD1218";"CRN-18450";"1";"20";
"201820";"COD1218";"CRN-18451";"0";"20";
"201820";"COD1218";"CRN-18452";"1";"19";
"201820";"COD1218";"CRN-18453";"3";"20";
"201820";"COD1218";"CRN-18454";"1";"20";
"201820";"COD1218";"CRN-18455";"1";"20";
"201820";"COD1218";"CRN-18456";"1";"20";
"201820";"COD1218";"CRN-18457";"1";"20";
"201820";"COD1218";"CRN-18458";"2";"20";
"201820";"COD1218";"CRN-18459";"2";"20";
"201820";"COD1218";"CRN-18460";"1";"20";
"201820";"COD1218";"CRN-18461";"0";"20";
"201820";"COD1218";"CRN-18462";"2";"20";
"201820";"COD1218";"CRN-18463";"1";"20";
"201820";"COD1218";"CRN-18464";"0";"20";
"201820";"COD1218";"CRN-18465";"0";"20";
"201820";"COD1218";"CRN-18466";"1";"20";
"201820";"COD1218";"CRN-18467";"4";"20";
"201820";"COD1218";"CRN-18468";"1";"19";
"201820";"COD1218";"CRN-18469";"0";"19";
"201820";"COD1218";"CRN-18470";"3";"19";
"201820";"COD1218";"CRN-18471";"4";"20";
"201820";"COD1218";"CRN-18472";"1";"19";
"201820";"COD1218";"CRN-18473";"1";"20";
"201820";"COD1218";"CRN-18474";"1";"20";
"201820";"COD1225";"CRN-18475";"3";"19";
"201820";"COD1225";"CRN-18476";"1";"18";
"201820";"COD1225";"CRN-18477";"1";"20";
"201820";"COD1225";"CRN-18478";"0";"20";
"201820";"COD1225";"CRN-18479";"0";"17";
"201820";"COD1225";"CRN-18480";"0";"18";
"201820";"COD1225";"CRN-18481";"2";"19";
"201820";"COD1225";"CRN-18482";"0";"17";
"201820";"COD1225";"CRN-18483";"0";"16";
"201820";"COD1225";"CRN-18484";"0";"16";
"201820";"COD1225";"CRN-18485";"1";"17";
"201820";"COD1225";"CRN-18486";"0";"19";
"201820";"COD1225";"CRN-18487";"0";"18";
"201820";"COD1225";"CRN-18488";"1";"17";
"201820";"COD1225";"CRN-18489";"1";"15";
"201820";"COD1225";"CRN-18490";"0";"17";
"201820";"COD1335";"CRN-18491";"4";"24";
"201820";"COD1335";"CRN-18492";"2";"20";
"201820";"COD1335";"CRN-18493";"0";"13";
"201820";"COD1335";"CRN-18494";"8";"24";
"201820";"COD1335";"CRN-18495";"2";"22";
"201820";"COD1360";"CRN-18496";"0";"26";
"201820";"COD1360";"CRN-18497";"1";"26";
"201820";"COD1360";"CRN-18498";"2";"28";
"201820";"COD1360";"CRN-18499";"1";"26";
"201820";"COD1360";"CRN-18500";"3";"25";
"201820";"COD1360";"CRN-18501";"4";"27";
"201820";"COD1360";"CRN-18502";"1";"28";
"201820";"COD1360";"CRN-18503";"0";"25";
"201820";"COD1360";"CRN-18504";"1";"27";
"201820";"COD1360";"CRN-18505";"0";"26";
"201820";"COD644";"CRN-18506";"0";"23";
"201820";"COD644";"CRN-18507";"5";"23";
"201820";"COD644";"CRN-18508";"5";"24";
"201820";"COD644";"CRN-18509";"2";"15";
"201820";"COD644";"CRN-18510";"0";"24";
"201820";"COD644";"CRN-18511";"3";"24";
"201820";"COD1221";"CRN-18512";"1";"20";
"201820";"COD1221";"CRN-18513";"2";"19";
"201820";"COD1221";"CRN-18514";"2";"20";
"201820";"COD1221";"CRN-18515";"0";"20";
"201820";"COD1221";"CRN-18516";"0";"20";
"201820";"COD1221";"CRN-18517";"0";"20";
"201820";"COD1221";"CRN-18518";"0";"20";
"201820";"COD1221";"CRN-18519";"0";"20";
"201820";"COD1221";"CRN-18520";"0";"20";
"201820";"COD1221";"CRN-18521";"1";"20";
"201820";"COD1221";"CRN-18522";"0";"20";
"201820";"COD1221";"CRN-18523";"1";"20";
"201820";"COD1221";"CRN-18524";"2";"20";
"201820";"COD1221";"CRN-18525";"0";"20";
"201820";"COD1221";"CRN-18526";"1";"20";
"201820";"COD1221";"CRN-18527";"0";"20";
"201820";"COD1221";"CRN-18528";"0";"20";
"201820";"COD1221";"CRN-18529";"0";"20";
"201820";"COD1221";"CRN-18530";"0";"20";
"201820";"COD1221";"CRN-18531";"0";"20";
"201820";"COD1221";"CRN-18532";"3";"20";
"201820";"COD1221";"CRN-18533";"0";"19";
"201820";"COD1221";"CRN-18534";"1";"20";
"201820";"COD1221";"CRN-18535";"4";"20";
"201820";"COD1221";"CRN-18536";"2";"20";
"201820";"COD1221";"CRN-18537";"1";"19";
"201820";"COD1221";"CRN-18538";"2";"16";
"201820";"COD17546";"CRN-18539";"0";"14";
"201820";"COD17546";"CRN-18540";"0";"14";
"201820";"COD17546";"CRN-18541";"0";"17";
"201820";"COD17546";"CRN-18542";"0";"19";
"201820";"COD17546";"CRN-18543";"1";"11";
"201820";"COD17546";"CRN-18544";"3";"18";
"201820";"COD17546";"CRN-18545";"4";"20";
"201820";"COD17546";"CRN-18546";"0";"16";
"201820";"COD17546";"CRN-18547";"0";"16";
"201820";"COD17546";"CRN-18548";"0";"20";
"201820";"COD2185";"CRN-18549";"6";"42";
"201820";"COD6";"CRN-18550";"2";"79";
"201820";"COD745";"CRN-18551";"1";"28";
"201820";"COD490";"CRN-18552";"3";"83";
"201820";"COD122";"CRN-18553";"2";"49";
"201820";"COD333";"CRN-18554";"2";"69";
"201820";"COD872";"CRN-16830";"4";"80";
"201820";"COD724";"CRN-18555";"4";"33";
"201820";"COD920";"CRN-18556";"2";"19";
"201820";"COD858";"CRN-18557";"0";"50";
"201820";"COD500";"CRN-18558";"1";"63";
"201820";"COD2060";"CRN-16840";"0";"14";
"201820";"COD2066";"CRN-16841";"0";"12";
"201820";"COD2112";"CRN-16848";"12";"44";
"201820";"COD2108";"CRN-16847";"12";"43";
"201820";"COD2102";"CRN-16846";"12";"43";
"201820";"COD17763";"CRN-16851";"0";"31";
"201820";"COD17754";"CRN-16850";"0";"31";
"201820";"COD17745";"CRN-16849";"0";"31";
"201820";"COD2028";"CRN-18559";"1";"30";
"201820";"COD2006";"CRN-18560";"1";"15";
"201820";"COD2022";"CRN-18561";"1";"16";
"201820";"COD1998";"CRN-18562";"2";"38";
"201820";"COD17671";"CRN-18563";"5";"26";
"201820";"COD932";"CRN-18564";"1";"3";
"201820";"COD2130";"CRN-18565";"5";"29";
